2lr,3colsample,4max_depth,5gamma,6reg_l2,7reg_l1,8AUC
0.1,0.8,16,2,1.0,1.0,0.8480123732856291
0.1,0.8,16,2,1.0,0.5,0.8480123732856291
0.1,0.8,16,2,1.0,0.0,0.8480123732856291
0.1,0.8,16,2,0.5,1.0,0.8480123732856291
0.1,0.8,16,2,0.5,0.5,0.8480123732856291
0.1,0.8,16,2,0.5,0.0,0.8480123732856291
0.1,0.8,16,2,0.0,1.0,0.8480123732856291
0.1,0.8,16,2,0.0,0.5,0.8480123732856291
0.1,0.8,16,2,0.0,0.0,0.8480123732856291
0.1,0.8,16,1,1.0,1.0,0.8480123732856291
0.1,0.8,16,1,1.0,0.5,0.8480123732856291
0.1,0.8,16,1,1.0,0.0,0.8480123732856291
0.1,0.8,16,1,0.5,1.0,0.8480123732856291
0.1,0.8,16,1,0.5,0.5,0.8480123732856291
0.1,0.8,16,1,0.5,0.0,0.8480123732856291
0.1,0.8,16,1,0.0,1.0,0.8480123732856291
0.1,0.8,16,1,0.0,0.5,0.8480123732856291
0.1,0.8,16,1,0.0,0.0,0.8480123732856291
0.1,0.8,16,0,1.0,1.0,0.8480123732856291
0.1,0.8,16,0,1.0,0.5,0.8480123732856291
0.1,0.8,16,0,1.0,0.0,0.8480123732856291
0.1,0.8,16,0,0.5,1.0,0.8480123732856291
0.1,0.8,16,0,0.5,0.5,0.8480123732856291
0.1,0.8,16,0,0.5,0.0,0.8480123732856291
0.1,0.8,16,0,0.0,1.0,0.8480123732856291
0.1,0.8,16,0,0.0,0.5,0.8480123732856291
0.1,0.8,16,0,0.0,0.0,0.8480123732856291
0.1,0.8,12,2,1.0,1.0,0.852342128801431
0.1,0.8,12,2,1.0,0.5,0.852342128801431
0.1,0.8,12,2,1.0,0.0,0.852342128801431
0.1,0.8,12,2,0.5,1.0,0.852342128801431
0.1,0.8,12,2,0.5,0.5,0.852342128801431
0.1,0.8,12,2,0.5,0.0,0.852342128801431
0.1,0.8,12,2,0.0,1.0,0.852342128801431
0.1,0.8,12,2,0.0,0.5,0.852342128801431
0.1,0.8,12,2,0.0,0.0,0.852342128801431
0.1,0.8,12,1,1.0,1.0,0.852342128801431
0.1,0.8,12,1,1.0,0.5,0.852342128801431
0.1,0.8,12,1,1.0,0.0,0.852342128801431
0.1,0.8,12,1,0.5,1.0,0.852342128801431
0.1,0.8,12,1,0.5,0.5,0.852342128801431
0.1,0.8,12,1,0.5,0.0,0.852342128801431
0.1,0.8,12,1,0.0,1.0,0.852342128801431
0.1,0.8,12,1,0.0,0.5,0.852342128801431
0.1,0.8,12,1,0.0,0.0,0.852342128801431
0.1,0.8,12,0,1.0,1.0,0.852342128801431
0.1,0.8,12,0,1.0,0.5,0.852342128801431
0.1,0.8,12,0,1.0,0.0,0.852342128801431
0.1,0.8,12,0,0.5,1.0,0.852342128801431
0.1,0.8,12,0,0.5,0.5,0.852342128801431
0.1,0.8,12,0,0.5,0.0,0.852342128801431
0.1,0.8,12,0,0.0,1.0,0.852342128801431
0.1,0.8,12,0,0.0,0.5,0.852342128801431
0.1,0.8,12,0,0.0,0.0,0.852342128801431
0.1,0.8,8,2,1.0,1.0,0.8556207513416816
0.1,0.8,8,2,1.0,0.5,0.8556207513416816
0.1,0.8,8,2,1.0,0.0,0.8556207513416816
0.1,0.8,8,2,0.5,1.0,0.8556207513416816
0.1,0.8,8,2,0.5,0.5,0.8556207513416816
0.1,0.8,8,2,0.5,0.0,0.8556207513416816
0.1,0.8,8,2,0.0,1.0,0.8556207513416816
0.1,0.8,8,2,0.0,0.5,0.8556207513416816
0.1,0.8,8,2,0.0,0.0,0.8556207513416816
0.1,0.8,8,1,1.0,1.0,0.8556207513416816
0.1,0.8,8,1,1.0,0.5,0.8556207513416816
0.1,0.8,8,1,1.0,0.0,0.8556207513416816
0.1,0.8,8,1,0.5,1.0,0.8556207513416816
0.1,0.8,8,1,0.5,0.5,0.8556207513416816
0.1,0.8,8,1,0.5,0.0,0.8556207513416816
0.1,0.8,8,1,0.0,1.0,0.8556207513416816
0.1,0.8,8,1,0.0,0.5,0.8556207513416816
0.1,0.8,8,1,0.0,0.0,0.8556207513416816
0.1,0.8,8,0,1.0,1.0,0.8556207513416816
0.1,0.8,8,0,1.0,0.5,0.8556207513416816
0.1,0.8,8,0,1.0,0.0,0.8556207513416816
0.1,0.8,8,0,0.5,1.0,0.8556207513416816
0.1,0.8,8,0,0.5,0.5,0.8556207513416816
0.1,0.8,8,0,0.5,0.0,0.8556207513416816
0.1,0.8,8,0,0.0,1.0,0.8556207513416816
0.1,0.8,8,0,0.0,0.5,0.8556207513416816
0.1,0.8,8,0,0.0,0.0,0.8556207513416816
0.1,0.8,4,2,1.0,1.0,0.8564572152653548
0.1,0.8,4,2,1.0,0.5,0.8564572152653548
0.1,0.8,4,2,1.0,0.0,0.8564572152653548
0.1,0.8,4,2,0.5,1.0,0.8564572152653548
0.1,0.8,4,2,0.5,0.5,0.8564572152653548
0.1,0.8,4,2,0.5,0.0,0.8564572152653548
0.1,0.8,4,2,0.0,1.0,0.8564572152653548
0.1,0.8,4,2,0.0,0.5,0.8564572152653548
0.1,0.8,4,2,0.0,0.0,0.8564572152653548
0.1,0.8,4,1,1.0,1.0,0.8564572152653548
0.1,0.8,4,1,1.0,0.5,0.8564572152653548
0.1,0.8,4,1,1.0,0.0,0.8564572152653548
0.1,0.8,4,1,0.5,1.0,0.8564572152653548
0.1,0.8,4,1,0.5,0.5,0.8564572152653548
0.1,0.8,4,1,0.5,0.0,0.8564572152653548
0.1,0.8,4,1,0.0,1.0,0.8564572152653548
0.1,0.8,4,1,0.0,0.5,0.8564572152653548
0.1,0.8,4,1,0.0,0.0,0.8564572152653548
0.1,0.8,4,0,1.0,1.0,0.8564572152653548
0.1,0.8,4,0,1.0,0.5,0.8564572152653548
0.1,0.8,4,0,1.0,0.0,0.8564572152653548
0.1,0.8,4,0,0.5,1.0,0.8564572152653548
0.1,0.8,4,0,0.5,0.5,0.8564572152653548
0.1,0.8,4,0,0.5,0.0,0.8564572152653548
0.1,0.8,4,0,0.0,1.0,0.8564572152653548
0.1,0.8,4,0,0.0,0.5,0.8564572152653548
0.1,0.8,4,0,0.0,0.0,0.8564572152653548
0.1,0.5,16,2,1.0,1.0,0.8484102564102564
0.1,0.5,16,2,1.0,0.5,0.8484102564102564
0.1,0.5,16,2,1.0,0.0,0.8484102564102564
0.1,0.5,16,2,0.5,1.0,0.8484102564102564
0.1,0.5,16,2,0.5,0.5,0.8484102564102564
0.1,0.5,16,2,0.5,0.0,0.8484102564102564
0.1,0.5,16,2,0.0,1.0,0.8484102564102564
0.1,0.5,16,2,0.0,0.5,0.8484102564102564
0.1,0.5,16,2,0.0,0.0,0.8484102564102564
0.1,0.5,16,1,1.0,1.0,0.8484102564102564
0.1,0.5,16,1,1.0,0.5,0.8484102564102564
0.1,0.5,16,1,1.0,0.0,0.8484102564102564
0.1,0.5,16,1,0.5,1.0,0.8484102564102564
0.1,0.5,16,1,0.5,0.5,0.8484102564102564
0.1,0.5,16,1,0.5,0.0,0.8484102564102564
0.1,0.5,16,1,0.0,1.0,0.8484102564102564
0.1,0.5,16,1,0.0,0.5,0.8484102564102564
0.1,0.5,16,1,0.0,0.0,0.8484102564102564
0.1,0.5,16,0,1.0,1.0,0.8484102564102564
0.1,0.5,16,0,1.0,0.5,0.8484102564102564
0.1,0.5,16,0,1.0,0.0,0.8484102564102564
0.1,0.5,16,0,0.5,1.0,0.8484102564102564
0.1,0.5,16,0,0.5,0.5,0.8484102564102564
0.1,0.5,16,0,0.5,0.0,0.8484102564102564
0.1,0.5,16,0,0.0,1.0,0.8484102564102564
0.1,0.5,16,0,0.0,0.5,0.8484102564102564
0.1,0.5,16,0,0.0,0.0,0.8484102564102564
0.1,0.5,12,2,1.0,1.0,0.8539953786523554
0.1,0.5,12,2,1.0,0.5,0.8539953786523554
0.1,0.5,12,2,1.0,0.0,0.8539953786523554
0.1,0.5,12,2,0.5,1.0,0.8539953786523554
0.1,0.5,12,2,0.5,0.5,0.8539953786523554
0.1,0.5,12,2,0.5,0.0,0.8539953786523554
0.1,0.5,12,2,0.0,1.0,0.8539953786523554
0.1,0.5,12,2,0.0,0.5,0.8539953786523554
0.1,0.5,12,2,0.0,0.0,0.8539953786523554
0.1,0.5,12,1,1.0,1.0,0.8539953786523554
0.1,0.5,12,1,1.0,0.5,0.8539953786523554
0.1,0.5,12,1,1.0,0.0,0.8539953786523554
0.1,0.5,12,1,0.5,1.0,0.8539953786523554
0.1,0.5,12,1,0.5,0.5,0.8539953786523554
0.1,0.5,12,1,0.5,0.0,0.8539953786523554
0.1,0.5,12,1,0.0,1.0,0.8539953786523554
0.1,0.5,12,1,0.0,0.5,0.8539953786523554
0.1,0.5,12,1,0.0,0.0,0.8539953786523554
0.1,0.5,12,0,1.0,1.0,0.8539953786523554
0.1,0.5,12,0,1.0,0.5,0.8539953786523554
0.1,0.5,12,0,1.0,0.0,0.8539953786523554
0.1,0.5,12,0,0.5,1.0,0.8539953786523554
0.1,0.5,12,0,0.5,0.5,0.8539953786523554
0.1,0.5,12,0,0.5,0.0,0.8539953786523554
0.1,0.5,12,0,0.0,1.0,0.8539953786523554
0.1,0.5,12,0,0.0,0.5,0.8539953786523554
0.1,0.5,12,0,0.0,0.0,0.8539953786523554
0.1,0.5,8,2,1.0,1.0,0.8549211389385809
0.1,0.5,8,2,1.0,0.5,0.8549211389385809
0.1,0.5,8,2,1.0,0.0,0.8549211389385809
0.1,0.5,8,2,0.5,1.0,0.8549211389385809
0.1,0.5,8,2,0.5,0.5,0.8549211389385809
0.1,0.5,8,2,0.5,0.0,0.8549211389385809
0.1,0.5,8,2,0.0,1.0,0.8549211389385809
0.1,0.5,8,2,0.0,0.5,0.8549211389385809
0.1,0.5,8,2,0.0,0.0,0.8549211389385809
0.1,0.5,8,1,1.0,1.0,0.8549211389385809
0.1,0.5,8,1,1.0,0.5,0.8549211389385809
0.1,0.5,8,1,1.0,0.0,0.8549211389385809
0.1,0.5,8,1,0.5,1.0,0.8549211389385809
0.1,0.5,8,1,0.5,0.5,0.8549211389385809
0.1,0.5,8,1,0.5,0.0,0.8549211389385809
0.1,0.5,8,1,0.0,1.0,0.8549211389385809
0.1,0.5,8,1,0.0,0.5,0.8549211389385809
0.1,0.5,8,1,0.0,0.0,0.8549211389385809
0.1,0.5,8,0,1.0,1.0,0.8549211389385809
0.1,0.5,8,0,1.0,0.5,0.8549211389385809
0.1,0.5,8,0,1.0,0.0,0.8549211389385809
0.1,0.5,8,0,0.5,1.0,0.8549211389385809
0.1,0.5,8,0,0.5,0.5,0.8549211389385809
0.1,0.5,8,0,0.5,0.0,0.8549211389385809
0.1,0.5,8,0,0.0,1.0,0.8549211389385809
0.1,0.5,8,0,0.0,0.5,0.8549211389385809
0.1,0.5,8,0,0.0,0.0,0.8549211389385809
0.1,0.5,4,2,1.0,1.0,0.8575293679189028
0.1,0.5,4,2,1.0,0.5,0.8575293679189028
0.1,0.5,4,2,1.0,0.0,0.8575293679189028
0.1,0.5,4,2,0.5,1.0,0.8575293679189028
0.1,0.5,4,2,0.5,0.5,0.8575293679189028
0.1,0.5,4,2,0.5,0.0,0.8575293679189028
0.1,0.5,4,2,0.0,1.0,0.8575293679189028
0.1,0.5,4,2,0.0,0.5,0.8575293679189028
0.1,0.5,4,2,0.0,0.0,0.8575293679189028
0.1,0.5,4,1,1.0,1.0,0.8575293679189028
0.1,0.5,4,1,1.0,0.5,0.8575293679189028
0.1,0.5,4,1,1.0,0.0,0.8575293679189028
0.1,0.5,4,1,0.5,1.0,0.8575293679189028
0.1,0.5,4,1,0.5,0.5,0.8575293679189028
0.1,0.5,4,1,0.5,0.0,0.8575293679189028
0.1,0.5,4,1,0.0,1.0,0.8575293679189028
0.1,0.5,4,1,0.0,0.5,0.8575293679189028
0.1,0.5,4,1,0.0,0.0,0.8575293679189028
0.1,0.5,4,0,1.0,1.0,0.8575293679189028
0.1,0.5,4,0,1.0,0.5,0.8575293679189028
0.1,0.5,4,0,1.0,0.0,0.8575293679189028
0.1,0.5,4,0,0.5,1.0,0.8575293679189028
0.1,0.5,4,0,0.5,0.5,0.8575293679189028
0.1,0.5,4,0,0.5,0.0,0.8575293679189028
0.1,0.5,4,0,0.0,1.0,0.8575293679189028
0.1,0.5,4,0,0.0,0.5,0.8575293679189028
0.1,0.5,4,0,0.0,0.0,0.8575293679189028
0.1,0.3,16,2,1.0,1.0,0.8512037865235538
0.1,0.3,16,2,1.0,0.5,0.8512037865235538
0.1,0.3,16,2,1.0,0.0,0.8512037865235538
0.1,0.3,16,2,0.5,1.0,0.8512037865235538
0.1,0.3,16,2,0.5,0.5,0.8512037865235538
0.1,0.3,16,2,0.5,0.0,0.8512037865235538
0.1,0.3,16,2,0.0,1.0,0.8512037865235538
0.1,0.3,16,2,0.0,0.5,0.8512037865235538
0.1,0.3,16,2,0.0,0.0,0.8512037865235538
0.1,0.3,16,1,1.0,1.0,0.8512037865235538
0.1,0.3,16,1,1.0,0.5,0.8512037865235538
0.1,0.3,16,1,1.0,0.0,0.8512037865235538
0.1,0.3,16,1,0.5,1.0,0.8512037865235538
0.1,0.3,16,1,0.5,0.5,0.8512037865235538
0.1,0.3,16,1,0.5,0.0,0.8512037865235538
0.1,0.3,16,1,0.0,1.0,0.8512037865235538
0.1,0.3,16,1,0.0,0.5,0.8512037865235538
0.1,0.3,16,1,0.0,0.0,0.8512037865235538
0.1,0.3,16,0,1.0,1.0,0.8512037865235538
0.1,0.3,16,0,1.0,0.5,0.8512037865235538
0.1,0.3,16,0,1.0,0.0,0.8512037865235538
0.1,0.3,16,0,0.5,1.0,0.8512037865235538
0.1,0.3,16,0,0.5,0.5,0.8512037865235538
0.1,0.3,16,0,0.5,0.0,0.8512037865235538
0.1,0.3,16,0,0.0,1.0,0.8512037865235538
0.1,0.3,16,0,0.0,0.5,0.8512037865235538
0.1,0.3,16,0,0.0,0.0,0.8512037865235538
0.1,0.3,12,2,1.0,1.0,0.8522903995229576
0.1,0.3,12,2,1.0,0.5,0.8522903995229576
0.1,0.3,12,2,1.0,0.0,0.8522903995229576
0.1,0.3,12,2,0.5,1.0,0.8522903995229576
0.1,0.3,12,2,0.5,0.5,0.8522903995229576
0.1,0.3,12,2,0.5,0.0,0.8522903995229576
0.1,0.3,12,2,0.0,1.0,0.8522903995229576
0.1,0.3,12,2,0.0,0.5,0.8522903995229576
0.1,0.3,12,2,0.0,0.0,0.8522903995229576
0.1,0.3,12,1,1.0,1.0,0.8522903995229576
0.1,0.3,12,1,1.0,0.5,0.8522903995229576
0.1,0.3,12,1,1.0,0.0,0.8522903995229576
0.1,0.3,12,1,0.5,1.0,0.8522903995229576
0.1,0.3,12,1,0.5,0.5,0.8522903995229576
0.1,0.3,12,1,0.5,0.0,0.8522903995229576
0.1,0.3,12,1,0.0,1.0,0.8522903995229576
0.1,0.3,12,1,0.0,0.5,0.8522903995229576
0.1,0.3,12,1,0.0,0.0,0.8522903995229576
0.1,0.3,12,0,1.0,1.0,0.8522903995229576
0.1,0.3,12,0,1.0,0.5,0.8522903995229576
0.1,0.3,12,0,1.0,0.0,0.8522903995229576
0.1,0.3,12,0,0.5,1.0,0.8522903995229576
0.1,0.3,12,0,0.5,0.5,0.8522903995229576
0.1,0.3,12,0,0.5,0.0,0.8522903995229576
0.1,0.3,12,0,0.0,1.0,0.8522903995229576
0.1,0.3,12,0,0.0,0.5,0.8522903995229576
0.1,0.3,12,0,0.0,0.0,0.8522903995229576
0.1,0.3,8,2,1.0,1.0,0.8547980023852116
0.1,0.3,8,2,1.0,0.5,0.8547980023852116
0.1,0.3,8,2,1.0,0.0,0.8547980023852116
0.1,0.3,8,2,0.5,1.0,0.8547980023852116
0.1,0.3,8,2,0.5,0.5,0.8547980023852116
0.1,0.3,8,2,0.5,0.0,0.8547980023852116
0.1,0.3,8,2,0.0,1.0,0.8547980023852116
0.1,0.3,8,2,0.0,0.5,0.8547980023852116
0.1,0.3,8,2,0.0,0.0,0.8547980023852116
0.1,0.3,8,1,1.0,1.0,0.8547980023852116
0.1,0.3,8,1,1.0,0.5,0.8547980023852116
0.1,0.3,8,1,1.0,0.0,0.8547980023852116
0.1,0.3,8,1,0.5,1.0,0.8547980023852116
0.1,0.3,8,1,0.5,0.5,0.8547980023852116
0.1,0.3,8,1,0.5,0.0,0.8547980023852116
0.1,0.3,8,1,0.0,1.0,0.8547980023852116
0.1,0.3,8,1,0.0,0.5,0.8547980023852116
0.1,0.3,8,1,0.0,0.0,0.8547980023852116
0.1,0.3,8,0,1.0,1.0,0.8547980023852116
0.1,0.3,8,0,1.0,0.5,0.8547980023852116
0.1,0.3,8,0,1.0,0.0,0.8547980023852116
0.1,0.3,8,0,0.5,1.0,0.8547980023852116
0.1,0.3,8,0,0.5,0.5,0.8547980023852116
0.1,0.3,8,0,0.5,0.0,0.8547980023852116
0.1,0.3,8,0,0.0,1.0,0.8547980023852116
0.1,0.3,8,0,0.0,0.5,0.8547980023852116
0.1,0.3,8,0,0.0,0.0,0.8547980023852116
0.1,0.3,4,2,1.0,1.0,0.8570553070960049
0.1,0.3,4,2,1.0,0.5,0.8570553070960049
0.1,0.3,4,2,1.0,0.0,0.8570553070960049
0.1,0.3,4,2,0.5,1.0,0.8570553070960049
0.1,0.3,4,2,0.5,0.5,0.8570553070960049
0.1,0.3,4,2,0.5,0.0,0.8570553070960049
0.1,0.3,4,2,0.0,1.0,0.8570553070960049
0.1,0.3,4,2,0.0,0.5,0.8570553070960049
0.1,0.3,4,2,0.0,0.0,0.8570553070960049
0.1,0.3,4,1,1.0,1.0,0.8570553070960049
0.1,0.3,4,1,1.0,0.5,0.8570553070960049
0.1,0.3,4,1,1.0,0.0,0.8570553070960049
0.1,0.3,4,1,0.5,1.0,0.8570553070960049
0.1,0.3,4,1,0.5,0.5,0.8570553070960049
0.1,0.3,4,1,0.5,0.0,0.8570553070960049
0.1,0.3,4,1,0.0,1.0,0.8570553070960049
0.1,0.3,4,1,0.0,0.5,0.8570553070960049
0.1,0.3,4,1,0.0,0.0,0.8570553070960049
0.1,0.3,4,0,1.0,1.0,0.8570553070960049
0.1,0.3,4,0,1.0,0.5,0.8570553070960049
0.1,0.3,4,0,1.0,0.0,0.8570553070960049
0.1,0.3,4,0,0.5,1.0,0.8570553070960049
0.1,0.3,4,0,0.5,0.5,0.8570553070960049
0.1,0.3,4,0,0.5,0.0,0.8570553070960049
0.1,0.3,4,0,0.0,1.0,0.8570553070960049
0.1,0.3,4,0,0.0,0.5,0.8570553070960049
0.1,0.3,4,0,0.0,0.0,0.8570553070960049
0.05,0.8,16,2,1.0,1.0,0.850113297555158
0.05,0.8,16,2,1.0,0.5,0.850113297555158
0.05,0.8,16,2,1.0,0.0,0.850113297555158
0.05,0.8,16,2,0.5,1.0,0.850113297555158
0.05,0.8,16,2,0.5,0.5,0.850113297555158
0.05,0.8,16,2,0.5,0.0,0.850113297555158
0.05,0.8,16,2,0.0,1.0,0.850113297555158
0.05,0.8,16,2,0.0,0.5,0.850113297555158
0.05,0.8,16,2,0.0,0.0,0.850113297555158
0.05,0.8,16,1,1.0,1.0,0.850113297555158
0.05,0.8,16,1,1.0,0.5,0.850113297555158
0.05,0.8,16,1,1.0,0.0,0.850113297555158
0.05,0.8,16,1,0.5,1.0,0.850113297555158
0.05,0.8,16,1,0.5,0.5,0.850113297555158
0.05,0.8,16,1,0.5,0.0,0.850113297555158
0.05,0.8,16,1,0.0,1.0,0.850113297555158
0.05,0.8,16,1,0.0,0.5,0.850113297555158
0.05,0.8,16,1,0.0,0.0,0.850113297555158
0.05,0.8,16,0,1.0,1.0,0.850113297555158
0.05,0.8,16,0,1.0,0.5,0.850113297555158
0.05,0.8,16,0,1.0,0.0,0.850113297555158
0.05,0.8,16,0,0.5,1.0,0.850113297555158
0.05,0.8,16,0,0.5,0.5,0.850113297555158
0.05,0.8,16,0,0.5,0.0,0.850113297555158
0.05,0.8,16,0,0.0,1.0,0.850113297555158
0.05,0.8,16,0,0.0,0.5,0.850113297555158
0.05,0.8,16,0,0.0,0.0,0.850113297555158
0.05,0.8,12,2,1.0,1.0,0.8542918902802623
0.05,0.8,12,2,1.0,0.5,0.8542918902802623
0.05,0.8,12,2,1.0,0.0,0.8542918902802623
0.05,0.8,12,2,0.5,1.0,0.8542918902802623
0.05,0.8,12,2,0.5,0.5,0.8542918902802623
0.05,0.8,12,2,0.5,0.0,0.8542918902802623
0.05,0.8,12,2,0.0,1.0,0.8542918902802623
0.05,0.8,12,2,0.0,0.5,0.8542918902802623
0.05,0.8,12,2,0.0,0.0,0.8542918902802623
0.05,0.8,12,1,1.0,1.0,0.8542918902802623
0.05,0.8,12,1,1.0,0.5,0.8542918902802623
0.05,0.8,12,1,1.0,0.0,0.8542918902802623
0.05,0.8,12,1,0.5,1.0,0.8542918902802623
0.05,0.8,12,1,0.5,0.5,0.8542918902802623
0.05,0.8,12,1,0.5,0.0,0.8542918902802623
0.05,0.8,12,1,0.0,1.0,0.8542918902802623
0.05,0.8,12,1,0.0,0.5,0.8542918902802623
0.05,0.8,12,1,0.0,0.0,0.8542918902802623
0.05,0.8,12,0,1.0,1.0,0.8542918902802623
0.05,0.8,12,0,1.0,0.5,0.8542918902802623
0.05,0.8,12,0,1.0,0.0,0.8542918902802623
0.05,0.8,12,0,0.5,1.0,0.8542918902802623
0.05,0.8,12,0,0.5,0.5,0.8542918902802623
0.05,0.8,12,0,0.5,0.0,0.8542918902802623
0.05,0.8,12,0,0.0,1.0,0.8542918902802623
0.05,0.8,12,0,0.0,0.5,0.8542918902802623
0.05,0.8,12,0,0.0,0.0,0.8542918902802623
0.05,0.8,8,2,1.0,1.0,0.8553920691711389
0.05,0.8,8,2,1.0,0.5,0.8553920691711389
0.05,0.8,8,2,1.0,0.0,0.8553920691711389
0.05,0.8,8,2,0.5,1.0,0.8553920691711389
0.05,0.8,8,2,0.5,0.5,0.8553920691711389
0.05,0.8,8,2,0.5,0.0,0.8553920691711389
0.05,0.8,8,2,0.0,1.0,0.8553920691711389
0.05,0.8,8,2,0.0,0.5,0.8553920691711389
0.05,0.8,8,2,0.0,0.0,0.8553920691711389
0.05,0.8,8,1,1.0,1.0,0.8553920691711389
0.05,0.8,8,1,1.0,0.5,0.8553920691711389
0.05,0.8,8,1,1.0,0.0,0.8553920691711389
0.05,0.8,8,1,0.5,1.0,0.8553920691711389
0.05,0.8,8,1,0.5,0.5,0.8553920691711389
0.05,0.8,8,1,0.5,0.0,0.8553920691711389
0.05,0.8,8,1,0.0,1.0,0.8553920691711389
0.05,0.8,8,1,0.0,0.5,0.8553920691711389
0.05,0.8,8,1,0.0,0.0,0.8553920691711389
0.05,0.8,8,0,1.0,1.0,0.8553920691711389
0.05,0.8,8,0,1.0,0.5,0.8553920691711389
0.05,0.8,8,0,1.0,0.0,0.8553920691711389
0.05,0.8,8,0,0.5,1.0,0.8553920691711389
0.05,0.8,8,0,0.5,0.5,0.8553920691711389
0.05,0.8,8,0,0.5,0.0,0.8553920691711389
0.05,0.8,8,0,0.0,1.0,0.8553920691711389
0.05,0.8,8,0,0.0,0.5,0.8553920691711389
0.05,0.8,8,0,0.0,0.0,0.8553920691711389
0.05,0.8,4,2,1.0,1.0,0.856319320214669
0.05,0.8,4,2,1.0,0.5,0.856319320214669
0.05,0.8,4,2,1.0,0.0,0.856319320214669
0.05,0.8,4,2,0.5,1.0,0.856319320214669
0.05,0.8,4,2,0.5,0.5,0.856319320214669
0.05,0.8,4,2,0.5,0.0,0.856319320214669
0.05,0.8,4,2,0.0,1.0,0.856319320214669
0.05,0.8,4,2,0.0,0.5,0.856319320214669
0.05,0.8,4,2,0.0,0.0,0.856319320214669
0.05,0.8,4,1,1.0,1.0,0.856319320214669
0.05,0.8,4,1,1.0,0.5,0.856319320214669
0.05,0.8,4,1,1.0,0.0,0.856319320214669
0.05,0.8,4,1,0.5,1.0,0.856319320214669
0.05,0.8,4,1,0.5,0.5,0.856319320214669
0.05,0.8,4,1,0.5,0.0,0.856319320214669
0.05,0.8,4,1,0.0,1.0,0.856319320214669
0.05,0.8,4,1,0.0,0.5,0.856319320214669
0.05,0.8,4,1,0.0,0.0,0.856319320214669
0.05,0.8,4,0,1.0,1.0,0.856319320214669
0.05,0.8,4,0,1.0,0.5,0.856319320214669
0.05,0.8,4,0,1.0,0.0,0.856319320214669
0.05,0.8,4,0,0.5,1.0,0.856319320214669
0.05,0.8,4,0,0.5,0.5,0.856319320214669
0.05,0.8,4,0,0.5,0.0,0.856319320214669
0.05,0.8,4,0,0.0,1.0,0.856319320214669
0.05,0.8,4,0,0.0,0.5,0.856319320214669
0.05,0.8,4,0,0.0,0.0,0.856319320214669
0.05,0.5,16,2,1.0,1.0,0.8503330351818724
0.05,0.5,16,2,1.0,0.5,0.8503330351818724
0.05,0.5,16,2,1.0,0.0,0.8503330351818724
0.05,0.5,16,2,0.5,1.0,0.8503330351818724
0.05,0.5,16,2,0.5,0.5,0.8503330351818724
0.05,0.5,16,2,0.5,0.0,0.8503330351818724
0.05,0.5,16,2,0.0,1.0,0.8503330351818724
0.05,0.5,16,2,0.0,0.5,0.8503330351818724
0.05,0.5,16,2,0.0,0.0,0.8503330351818724
0.05,0.5,16,1,1.0,1.0,0.8503330351818724
0.05,0.5,16,1,1.0,0.5,0.8503330351818724
0.05,0.5,16,1,1.0,0.0,0.8503330351818724
0.05,0.5,16,1,0.5,1.0,0.8503330351818724
0.05,0.5,16,1,0.5,0.5,0.8503330351818724
0.05,0.5,16,1,0.5,0.0,0.8503330351818724
0.05,0.5,16,1,0.0,1.0,0.8503330351818724
0.05,0.5,16,1,0.0,0.5,0.8503330351818724
0.05,0.5,16,1,0.0,0.0,0.8503330351818724
0.05,0.5,16,0,1.0,1.0,0.8503330351818724
0.05,0.5,16,0,1.0,0.5,0.8503330351818724
0.05,0.5,16,0,1.0,0.0,0.8503330351818724
0.05,0.5,16,0,0.5,1.0,0.8503330351818724
0.05,0.5,16,0,0.5,0.5,0.8503330351818724
0.05,0.5,16,0,0.5,0.0,0.8503330351818724
0.05,0.5,16,0,0.0,1.0,0.8503330351818724
0.05,0.5,16,0,0.0,0.5,0.8503330351818724
0.05,0.5,16,0,0.0,0.0,0.8503330351818724
0.05,0.5,12,2,1.0,1.0,0.8548340787119857
0.05,0.5,12,2,1.0,0.5,0.8548340787119857
0.05,0.5,12,2,1.0,0.0,0.8548340787119857
0.05,0.5,12,2,0.5,1.0,0.8548340787119857
0.05,0.5,12,2,0.5,0.5,0.8548340787119857
0.05,0.5,12,2,0.5,0.0,0.8548340787119857
0.05,0.5,12,2,0.0,1.0,0.8548340787119857
0.05,0.5,12,2,0.0,0.5,0.8548340787119857
0.05,0.5,12,2,0.0,0.0,0.8548340787119857
0.05,0.5,12,1,1.0,1.0,0.8548340787119857
0.05,0.5,12,1,1.0,0.5,0.8548340787119857
0.05,0.5,12,1,1.0,0.0,0.8548340787119857
0.05,0.5,12,1,0.5,1.0,0.8548340787119857
0.05,0.5,12,1,0.5,0.5,0.8548340787119857
0.05,0.5,12,1,0.5,0.0,0.8548340787119857
0.05,0.5,12,1,0.0,1.0,0.8548340787119857
0.05,0.5,12,1,0.0,0.5,0.8548340787119857
0.05,0.5,12,1,0.0,0.0,0.8548340787119857
0.05,0.5,12,0,1.0,1.0,0.8548340787119857
0.05,0.5,12,0,1.0,0.5,0.8548340787119857
0.05,0.5,12,0,1.0,0.0,0.8548340787119857
0.05,0.5,12,0,0.5,1.0,0.8548340787119857
0.05,0.5,12,0,0.5,0.5,0.8548340787119857
0.05,0.5,12,0,0.5,0.0,0.8548340787119857
0.05,0.5,12,0,0.0,1.0,0.8548340787119857
0.05,0.5,12,0,0.0,0.5,0.8548340787119857
0.05,0.5,12,0,0.0,0.0,0.8548340787119857
0.05,0.5,8,2,1.0,1.0,0.8560560524746571
0.05,0.5,8,2,1.0,0.5,0.8560560524746571
0.05,0.5,8,2,1.0,0.0,0.8560560524746571
0.05,0.5,8,2,0.5,1.0,0.8560560524746571
0.05,0.5,8,2,0.5,0.5,0.8560560524746571
0.05,0.5,8,2,0.5,0.0,0.8560560524746571
0.05,0.5,8,2,0.0,1.0,0.8560560524746571
0.05,0.5,8,2,0.0,0.5,0.8560560524746571
0.05,0.5,8,2,0.0,0.0,0.8560560524746571
0.05,0.5,8,1,1.0,1.0,0.8560560524746571
0.05,0.5,8,1,1.0,0.5,0.8560560524746571
0.05,0.5,8,1,1.0,0.0,0.8560560524746571
0.05,0.5,8,1,0.5,1.0,0.8560560524746571
0.05,0.5,8,1,0.5,0.5,0.8560560524746571
0.05,0.5,8,1,0.5,0.0,0.8560560524746571
0.05,0.5,8,1,0.0,1.0,0.8560560524746571
0.05,0.5,8,1,0.0,0.5,0.8560560524746571
0.05,0.5,8,1,0.0,0.0,0.8560560524746571
0.05,0.5,8,0,1.0,1.0,0.8560560524746571
0.05,0.5,8,0,1.0,0.5,0.8560560524746571
0.05,0.5,8,0,1.0,0.0,0.8560560524746571
0.05,0.5,8,0,0.5,1.0,0.8560560524746571
0.05,0.5,8,0,0.5,0.5,0.8560560524746571
0.05,0.5,8,0,0.5,0.0,0.8560560524746571
0.05,0.5,8,0,0.0,1.0,0.8560560524746571
0.05,0.5,8,0,0.0,0.5,0.8560560524746571
0.05,0.5,8,0,0.0,0.0,0.8560560524746571
0.05,0.5,4,2,1.0,1.0,0.8573512224209899
0.05,0.5,4,2,1.0,0.5,0.8573512224209899
0.05,0.5,4,2,1.0,0.0,0.8573512224209899
0.05,0.5,4,2,0.5,1.0,0.8573512224209899
0.05,0.5,4,2,0.5,0.5,0.8573512224209899
0.05,0.5,4,2,0.5,0.0,0.8573512224209899
0.05,0.5,4,2,0.0,1.0,0.8573512224209899
0.05,0.5,4,2,0.0,0.5,0.8573512224209899
0.05,0.5,4,2,0.0,0.0,0.8573512224209899
0.05,0.5,4,1,1.0,1.0,0.8573512224209899
0.05,0.5,4,1,1.0,0.5,0.8573512224209899
0.05,0.5,4,1,1.0,0.0,0.8573512224209899
0.05,0.5,4,1,0.5,1.0,0.8573512224209899
0.05,0.5,4,1,0.5,0.5,0.8573512224209899
0.05,0.5,4,1,0.5,0.0,0.8573512224209899
0.05,0.5,4,1,0.0,1.0,0.8573512224209899
0.05,0.5,4,1,0.0,0.5,0.8573512224209899
0.05,0.5,4,1,0.0,0.0,0.8573512224209899
0.05,0.5,4,0,1.0,1.0,0.8573512224209899
0.05,0.5,4,0,1.0,0.5,0.8573512224209899
0.05,0.5,4,0,1.0,0.0,0.8573512224209899
0.05,0.5,4,0,0.5,1.0,0.8573512224209899
0.05,0.5,4,0,0.5,0.5,0.8573512224209899
0.05,0.5,4,0,0.5,0.0,0.8573512224209899
0.05,0.5,4,0,0.0,1.0,0.8573512224209899
0.05,0.5,4,0,0.0,0.5,0.8573512224209899
0.05,0.5,4,0,0.0,0.0,0.8573512224209899
0.05,0.3,16,2,1.0,1.0,0.8523477936791891
0.05,0.3,16,2,1.0,0.5,0.8523477936791891
0.05,0.3,16,2,1.0,0.0,0.8523477936791891
0.05,0.3,16,2,0.5,1.0,0.8523477936791891
0.05,0.3,16,2,0.5,0.5,0.8523477936791891
0.05,0.3,16,2,0.5,0.0,0.8523477936791891
0.05,0.3,16,2,0.0,1.0,0.8523477936791891
0.05,0.3,16,2,0.0,0.5,0.8523477936791891
0.05,0.3,16,2,0.0,0.0,0.8523477936791891
0.05,0.3,16,1,1.0,1.0,0.8523477936791891
0.05,0.3,16,1,1.0,0.5,0.8523477936791891
0.05,0.3,16,1,1.0,0.0,0.8523477936791891
0.05,0.3,16,1,0.5,1.0,0.8523477936791891
0.05,0.3,16,1,0.5,0.5,0.8523477936791891
0.05,0.3,16,1,0.5,0.0,0.8523477936791891
0.05,0.3,16,1,0.0,1.0,0.8523477936791891
0.05,0.3,16,1,0.0,0.5,0.8523477936791891
0.05,0.3,16,1,0.0,0.0,0.8523477936791891
0.05,0.3,16,0,1.0,1.0,0.8523477936791891
0.05,0.3,16,0,1.0,0.5,0.8523477936791891
0.05,0.3,16,0,1.0,0.0,0.8523477936791891
0.05,0.3,16,0,0.5,1.0,0.8523477936791891
0.05,0.3,16,0,0.5,0.5,0.8523477936791891
0.05,0.3,16,0,0.5,0.0,0.8523477936791891
0.05,0.3,16,0,0.0,1.0,0.8523477936791891
0.05,0.3,16,0,0.0,0.5,0.8523477936791891
0.05,0.3,16,0,0.0,0.0,0.8523477936791891
0.05,0.3,12,2,1.0,1.0,0.8537437388193203
0.05,0.3,12,2,1.0,0.5,0.8537437388193203
0.05,0.3,12,2,1.0,0.0,0.8537437388193203
0.05,0.3,12,2,0.5,1.0,0.8537437388193203
0.05,0.3,12,2,0.5,0.5,0.8537437388193203
0.05,0.3,12,2,0.5,0.0,0.8537437388193203
0.05,0.3,12,2,0.0,1.0,0.8537437388193203
0.05,0.3,12,2,0.0,0.5,0.8537437388193203
0.05,0.3,12,2,0.0,0.0,0.8537437388193203
0.05,0.3,12,1,1.0,1.0,0.8537437388193203
0.05,0.3,12,1,1.0,0.5,0.8537437388193203
0.05,0.3,12,1,1.0,0.0,0.8537437388193203
0.05,0.3,12,1,0.5,1.0,0.8537437388193203
0.05,0.3,12,1,0.5,0.5,0.8537437388193203
0.05,0.3,12,1,0.5,0.0,0.8537437388193203
0.05,0.3,12,1,0.0,1.0,0.8537437388193203
0.05,0.3,12,1,0.0,0.5,0.8537437388193203
0.05,0.3,12,1,0.0,0.0,0.8537437388193203
0.05,0.3,12,0,1.0,1.0,0.8537437388193203
0.05,0.3,12,0,1.0,0.5,0.8537437388193203
0.05,0.3,12,0,1.0,0.0,0.8537437388193203
0.05,0.3,12,0,0.5,1.0,0.8537437388193203
0.05,0.3,12,0,0.5,0.5,0.8537437388193203
0.05,0.3,12,0,0.5,0.0,0.8537437388193203
0.05,0.3,12,0,0.0,1.0,0.8537437388193203
0.05,0.3,12,0,0.0,0.5,0.8537437388193203
0.05,0.3,12,0,0.0,0.0,0.8537437388193203
0.05,0.3,8,2,1.0,1.0,0.8558000894454384
0.05,0.3,8,2,1.0,0.5,0.8558000894454384
0.05,0.3,8,2,1.0,0.0,0.8558000894454384
0.05,0.3,8,2,0.5,1.0,0.8558000894454384
0.05,0.3,8,2,0.5,0.5,0.8558000894454384
0.05,0.3,8,2,0.5,0.0,0.8558000894454384
0.05,0.3,8,2,0.0,1.0,0.8558000894454384
0.05,0.3,8,2,0.0,0.5,0.8558000894454384
0.05,0.3,8,2,0.0,0.0,0.8558000894454384
0.05,0.3,8,1,1.0,1.0,0.8558000894454384
0.05,0.3,8,1,1.0,0.5,0.8558000894454384
0.05,0.3,8,1,1.0,0.0,0.8558000894454384
0.05,0.3,8,1,0.5,1.0,0.8558000894454384
0.05,0.3,8,1,0.5,0.5,0.8558000894454384
0.05,0.3,8,1,0.5,0.0,0.8558000894454384
0.05,0.3,8,1,0.0,1.0,0.8558000894454384
0.05,0.3,8,1,0.0,0.5,0.8558000894454384
0.05,0.3,8,1,0.0,0.0,0.8558000894454384
0.05,0.3,8,0,1.0,1.0,0.8558000894454384
0.05,0.3,8,0,1.0,0.5,0.8558000894454384
0.05,0.3,8,0,1.0,0.0,0.8558000894454384
0.05,0.3,8,0,0.5,1.0,0.8558000894454384
0.05,0.3,8,0,0.5,0.5,0.8558000894454384
0.05,0.3,8,0,0.5,0.0,0.8558000894454384
0.05,0.3,8,0,0.0,1.0,0.8558000894454384
0.05,0.3,8,0,0.0,0.5,0.8558000894454384
0.05,0.3,8,0,0.0,0.0,0.8558000894454384
0.05,0.3,4,2,1.0,1.0,0.8577143709004174
0.05,0.3,4,2,1.0,0.5,0.8577143709004174
0.05,0.3,4,2,1.0,0.0,0.8577143709004174
0.05,0.3,4,2,0.5,1.0,0.8577143709004174
0.05,0.3,4,2,0.5,0.5,0.8577143709004174
0.05,0.3,4,2,0.5,0.0,0.8577143709004174
0.05,0.3,4,2,0.0,1.0,0.8577143709004174
0.05,0.3,4,2,0.0,0.5,0.8577143709004174
0.05,0.3,4,2,0.0,0.0,0.8577143709004174
0.05,0.3,4,1,1.0,1.0,0.8577143709004174
0.05,0.3,4,1,1.0,0.5,0.8577143709004174
0.05,0.3,4,1,1.0,0.0,0.8577143709004174
0.05,0.3,4,1,0.5,1.0,0.8577143709004174
0.05,0.3,4,1,0.5,0.5,0.8577143709004174
0.05,0.3,4,1,0.5,0.0,0.8577143709004174
0.05,0.3,4,1,0.0,1.0,0.8577143709004174
0.05,0.3,4,1,0.0,0.5,0.8577143709004174
0.05,0.3,4,1,0.0,0.0,0.8577143709004174
0.05,0.3,4,0,1.0,1.0,0.8577143709004174
0.05,0.3,4,0,1.0,0.5,0.8577143709004174
0.05,0.3,4,0,1.0,0.0,0.8577143709004174
0.05,0.3,4,0,0.5,1.0,0.8577143709004174
0.05,0.3,4,0,0.5,0.5,0.8577143709004174
0.05,0.3,4,0,0.5,0.0,0.8577143709004174
0.05,0.3,4,0,0.0,1.0,0.8577143709004174
0.05,0.3,4,0,0.0,0.5,0.8577143709004174
0.05,0.3,4,0,0.0,0.0,0.8577143709004174
0.01,0.8,16,2,1.0,1.0,0.8502974060822899
0.01,0.8,16,2,1.0,0.5,0.8502974060822899
0.01,0.8,16,2,1.0,0.0,0.8502974060822899
0.01,0.8,16,2,0.5,1.0,0.8502974060822899
0.01,0.8,16,2,0.5,0.5,0.8502974060822899
0.01,0.8,16,2,0.5,0.0,0.8502974060822899
0.01,0.8,16,2,0.0,1.0,0.8502974060822899
0.01,0.8,16,2,0.0,0.5,0.8502974060822899
0.01,0.8,16,2,0.0,0.0,0.8502974060822899
0.01,0.8,16,1,1.0,1.0,0.8502974060822899
0.01,0.8,16,1,1.0,0.5,0.8502974060822899
0.01,0.8,16,1,1.0,0.0,0.8502974060822899
0.01,0.8,16,1,0.5,1.0,0.8502974060822899
0.01,0.8,16,1,0.5,0.5,0.8502974060822899
0.01,0.8,16,1,0.5,0.0,0.8502974060822899
0.01,0.8,16,1,0.0,1.0,0.8502974060822899
0.01,0.8,16,1,0.0,0.5,0.8502974060822899
0.01,0.8,16,1,0.0,0.0,0.8502974060822899
0.01,0.8,16,0,1.0,1.0,0.8502974060822899
0.01,0.8,16,0,1.0,0.5,0.8502974060822899
0.01,0.8,16,0,1.0,0.0,0.8502974060822899
0.01,0.8,16,0,0.5,1.0,0.8502974060822899
0.01,0.8,16,0,0.5,0.5,0.8502974060822899
0.01,0.8,16,0,0.5,0.0,0.8502974060822899
0.01,0.8,16,0,0.0,1.0,0.8502974060822899
0.01,0.8,16,0,0.0,0.5,0.8502974060822899
0.01,0.8,16,0,0.0,0.0,0.8502974060822899
0.01,0.8,12,2,1.0,1.0,0.8520469588550984
0.01,0.8,12,2,1.0,0.5,0.8520469588550984
0.01,0.8,12,2,1.0,0.0,0.8520469588550984
0.01,0.8,12,2,0.5,1.0,0.8520469588550984
0.01,0.8,12,2,0.5,0.5,0.8520469588550984
0.01,0.8,12,2,0.5,0.0,0.8520469588550984
0.01,0.8,12,2,0.0,1.0,0.8520469588550984
0.01,0.8,12,2,0.0,0.5,0.8520469588550984
0.01,0.8,12,2,0.0,0.0,0.8520469588550984
0.01,0.8,12,1,1.0,1.0,0.8520469588550984
0.01,0.8,12,1,1.0,0.5,0.8520469588550984
0.01,0.8,12,1,1.0,0.0,0.8520469588550984
0.01,0.8,12,1,0.5,1.0,0.8520469588550984
0.01,0.8,12,1,0.5,0.5,0.8520469588550984
0.01,0.8,12,1,0.5,0.0,0.8520469588550984
0.01,0.8,12,1,0.0,1.0,0.8520469588550984
0.01,0.8,12,1,0.0,0.5,0.8520469588550984
0.01,0.8,12,1,0.0,0.0,0.8520469588550984
0.01,0.8,12,0,1.0,1.0,0.8520469588550984
0.01,0.8,12,0,1.0,0.5,0.8520469588550984
0.01,0.8,12,0,1.0,0.0,0.8520469588550984
0.01,0.8,12,0,0.5,1.0,0.8520469588550984
0.01,0.8,12,0,0.5,0.5,0.8520469588550984
0.01,0.8,12,0,0.5,0.0,0.8520469588550984
0.01,0.8,12,0,0.0,1.0,0.8520469588550984
0.01,0.8,12,0,0.0,0.5,0.8520469588550984
0.01,0.8,12,0,0.0,0.0,0.8520469588550984
0.01,0.8,8,2,1.0,1.0,0.8559032498509243
0.01,0.8,8,2,1.0,0.5,0.8559032498509243
0.01,0.8,8,2,1.0,0.0,0.8559032498509243
0.01,0.8,8,2,0.5,1.0,0.8559032498509243
0.01,0.8,8,2,0.5,0.5,0.8559032498509243
0.01,0.8,8,2,0.5,0.0,0.8559032498509243
0.01,0.8,8,2,0.0,1.0,0.8559032498509243
0.01,0.8,8,2,0.0,0.5,0.8559032498509243
0.01,0.8,8,2,0.0,0.0,0.8559032498509243
0.01,0.8,8,1,1.0,1.0,0.8559032498509243
0.01,0.8,8,1,1.0,0.5,0.8559032498509243
0.01,0.8,8,1,1.0,0.0,0.8559032498509243
0.01,0.8,8,1,0.5,1.0,0.8559032498509243
0.01,0.8,8,1,0.5,0.5,0.8559032498509243
0.01,0.8,8,1,0.5,0.0,0.8559032498509243
0.01,0.8,8,1,0.0,1.0,0.8559032498509243
0.01,0.8,8,1,0.0,0.5,0.8559032498509243
0.01,0.8,8,1,0.0,0.0,0.8559032498509243
0.01,0.8,8,0,1.0,1.0,0.8559032498509243
0.01,0.8,8,0,1.0,0.5,0.8559032498509243
0.01,0.8,8,0,1.0,0.0,0.8559032498509243
0.01,0.8,8,0,0.5,1.0,0.8559032498509243
0.01,0.8,8,0,0.5,0.5,0.8559032498509243
0.01,0.8,8,0,0.5,0.0,0.8559032498509243
0.01,0.8,8,0,0.0,1.0,0.8559032498509243
0.01,0.8,8,0,0.0,0.5,0.8559032498509243
0.01,0.8,8,0,0.0,0.0,0.8559032498509243
0.01,0.8,4,2,1.0,1.0,0.8561708407871199
0.01,0.8,4,2,1.0,0.5,0.8561708407871199
0.01,0.8,4,2,1.0,0.0,0.8561708407871199
0.01,0.8,4,2,0.5,1.0,0.8561708407871199
0.01,0.8,4,2,0.5,0.5,0.8561708407871199
0.01,0.8,4,2,0.5,0.0,0.8561708407871199
0.01,0.8,4,2,0.0,1.0,0.8561708407871199
0.01,0.8,4,2,0.0,0.5,0.8561708407871199
0.01,0.8,4,2,0.0,0.0,0.8561708407871199
0.01,0.8,4,1,1.0,1.0,0.8561708407871199
0.01,0.8,4,1,1.0,0.5,0.8561708407871199
0.01,0.8,4,1,1.0,0.0,0.8561708407871199
0.01,0.8,4,1,0.5,1.0,0.8561708407871199
0.01,0.8,4,1,0.5,0.5,0.8561708407871199
0.01,0.8,4,1,0.5,0.0,0.8561708407871199
0.01,0.8,4,1,0.0,1.0,0.8561708407871199
0.01,0.8,4,1,0.0,0.5,0.8561708407871199
0.01,0.8,4,1,0.0,0.0,0.8561708407871199
0.01,0.8,4,0,1.0,1.0,0.8561708407871199
0.01,0.8,4,0,1.0,0.5,0.8561708407871199
0.01,0.8,4,0,1.0,0.0,0.8561708407871199
0.01,0.8,4,0,0.5,1.0,0.8561708407871199
0.01,0.8,4,0,0.5,0.5,0.8561708407871199
0.01,0.8,4,0,0.5,0.0,0.8561708407871199
0.01,0.8,4,0,0.0,1.0,0.8561708407871199
0.01,0.8,4,0,0.0,0.5,0.8561708407871199
0.01,0.8,4,0,0.0,0.0,0.8561708407871199
0.01,0.5,16,2,1.0,1.0,0.8526632379248658
0.01,0.5,16,2,1.0,0.5,0.8526632379248658
0.01,0.5,16,2,1.0,0.0,0.8526632379248658
0.01,0.5,16,2,0.5,1.0,0.8526632379248658
0.01,0.5,16,2,0.5,0.5,0.8526632379248658
0.01,0.5,16,2,0.5,0.0,0.8526632379248658
0.01,0.5,16,2,0.0,1.0,0.8526632379248658
0.01,0.5,16,2,0.0,0.5,0.8526632379248658
0.01,0.5,16,2,0.0,0.0,0.8526632379248658
0.01,0.5,16,1,1.0,1.0,0.8526632379248658
0.01,0.5,16,1,1.0,0.5,0.8526632379248658
0.01,0.5,16,1,1.0,0.0,0.8526632379248658
0.01,0.5,16,1,0.5,1.0,0.8526632379248658
0.01,0.5,16,1,0.5,0.5,0.8526632379248658
0.01,0.5,16,1,0.5,0.0,0.8526632379248658
0.01,0.5,16,1,0.0,1.0,0.8526632379248658
0.01,0.5,16,1,0.0,0.5,0.8526632379248658
0.01,0.5,16,1,0.0,0.0,0.8526632379248658
0.01,0.5,16,0,1.0,1.0,0.8526632379248658
0.01,0.5,16,0,1.0,0.5,0.8526632379248658
0.01,0.5,16,0,1.0,0.0,0.8526632379248658
0.01,0.5,16,0,0.5,1.0,0.8526632379248658
0.01,0.5,16,0,0.5,0.5,0.8526632379248658
0.01,0.5,16,0,0.5,0.0,0.8526632379248658
0.01,0.5,16,0,0.0,1.0,0.8526632379248658
0.01,0.5,16,0,0.0,0.5,0.8526632379248658
0.01,0.5,16,0,0.0,0.0,0.8526632379248658
0.01,0.5,12,2,1.0,1.0,0.8536972271914133
0.01,0.5,12,2,1.0,0.5,0.8536972271914133
0.01,0.5,12,2,1.0,0.0,0.8536972271914133
0.01,0.5,12,2,0.5,1.0,0.8536972271914133
0.01,0.5,12,2,0.5,0.5,0.8536972271914133
0.01,0.5,12,2,0.5,0.0,0.8536972271914133
0.01,0.5,12,2,0.0,1.0,0.8536972271914133
0.01,0.5,12,2,0.0,0.5,0.8536972271914133
0.01,0.5,12,2,0.0,0.0,0.8536972271914133
0.01,0.5,12,1,1.0,1.0,0.8536972271914133
0.01,0.5,12,1,1.0,0.5,0.8536972271914133
0.01,0.5,12,1,1.0,0.0,0.8536972271914133
0.01,0.5,12,1,0.5,1.0,0.8536972271914133
0.01,0.5,12,1,0.5,0.5,0.8536972271914133
0.01,0.5,12,1,0.5,0.0,0.8536972271914133
0.01,0.5,12,1,0.0,1.0,0.8536972271914133
0.01,0.5,12,1,0.0,0.5,0.8536972271914133
0.01,0.5,12,1,0.0,0.0,0.8536972271914133
0.01,0.5,12,0,1.0,1.0,0.8536972271914133
0.01,0.5,12,0,1.0,0.5,0.8536972271914133
0.01,0.5,12,0,1.0,0.0,0.8536972271914133
0.01,0.5,12,0,0.5,1.0,0.8536972271914133
0.01,0.5,12,0,0.5,0.5,0.8536972271914133
0.01,0.5,12,0,0.5,0.0,0.8536972271914133
0.01,0.5,12,0,0.0,1.0,0.8536972271914133
0.01,0.5,12,0,0.0,0.5,0.8536972271914133
0.01,0.5,12,0,0.0,0.0,0.8536972271914133
0.01,0.5,8,2,1.0,1.0,0.8564285927251044
0.01,0.5,8,2,1.0,0.5,0.8564285927251044
0.01,0.5,8,2,1.0,0.0,0.8564285927251044
0.01,0.5,8,2,0.5,1.0,0.8564285927251044
0.01,0.5,8,2,0.5,0.5,0.8564285927251044
0.01,0.5,8,2,0.5,0.0,0.8564285927251044
0.01,0.5,8,2,0.0,1.0,0.8564285927251044
0.01,0.5,8,2,0.0,0.5,0.8564285927251044
0.01,0.5,8,2,0.0,0.0,0.8564285927251044
0.01,0.5,8,1,1.0,1.0,0.8564285927251044
0.01,0.5,8,1,1.0,0.5,0.8564285927251044
0.01,0.5,8,1,1.0,0.0,0.8564285927251044
0.01,0.5,8,1,0.5,1.0,0.8564285927251044
0.01,0.5,8,1,0.5,0.5,0.8564285927251044
0.01,0.5,8,1,0.5,0.0,0.8564285927251044
0.01,0.5,8,1,0.0,1.0,0.8564285927251044
0.01,0.5,8,1,0.0,0.5,0.8564285927251044
0.01,0.5,8,1,0.0,0.0,0.8564285927251044
0.01,0.5,8,0,1.0,1.0,0.8564285927251044
0.01,0.5,8,0,1.0,0.5,0.8564285927251044
0.01,0.5,8,0,1.0,0.0,0.8564285927251044
0.01,0.5,8,0,0.5,1.0,0.8564285927251044
0.01,0.5,8,0,0.5,0.5,0.8564285927251044
0.01,0.5,8,0,0.5,0.0,0.8564285927251044
0.01,0.5,8,0,0.0,1.0,0.8564285927251044
0.01,0.5,8,0,0.0,0.5,0.8564285927251044
0.01,0.5,8,0,0.0,0.0,0.8564285927251044
0.01,0.5,4,2,1.0,1.0,0.8575672331544425
0.01,0.5,4,2,1.0,0.5,0.8575672331544425
0.01,0.5,4,2,1.0,0.0,0.8575672331544425
0.01,0.5,4,2,0.5,1.0,0.8575672331544425
0.01,0.5,4,2,0.5,0.5,0.8575672331544425
0.01,0.5,4,2,0.5,0.0,0.8575672331544425
0.01,0.5,4,2,0.0,1.0,0.8575672331544425
0.01,0.5,4,2,0.0,0.5,0.8575672331544425
0.01,0.5,4,2,0.0,0.0,0.8575672331544425
0.01,0.5,4,1,1.0,1.0,0.8575672331544425
0.01,0.5,4,1,1.0,0.5,0.8575672331544425
0.01,0.5,4,1,1.0,0.0,0.8575672331544425
0.01,0.5,4,1,0.5,1.0,0.8575672331544425
0.01,0.5,4,1,0.5,0.5,0.8575672331544425
0.01,0.5,4,1,0.5,0.0,0.8575672331544425
0.01,0.5,4,1,0.0,1.0,0.8575672331544425
0.01,0.5,4,1,0.0,0.5,0.8575672331544425
0.01,0.5,4,1,0.0,0.0,0.8575672331544425
0.01,0.5,4,0,1.0,1.0,0.8575672331544425
0.01,0.5,4,0,1.0,0.5,0.8575672331544425
0.01,0.5,4,0,1.0,0.0,0.8575672331544425
0.01,0.5,4,0,0.5,1.0,0.8575672331544425
0.01,0.5,4,0,0.5,0.5,0.8575672331544425
0.01,0.5,4,0,0.5,0.0,0.8575672331544425
0.01,0.5,4,0,0.0,1.0,0.8575672331544425
0.01,0.5,4,0,0.0,0.5,0.8575672331544425
0.01,0.5,4,0,0.0,0.0,0.8575672331544425
0.01,0.3,16,2,1.0,1.0,0.852992397137746
0.01,0.3,16,2,1.0,0.5,0.852992397137746
0.01,0.3,16,2,1.0,0.0,0.852992397137746
0.01,0.3,16,2,0.5,1.0,0.852992397137746
0.01,0.3,16,2,0.5,0.5,0.852992397137746
0.01,0.3,16,2,0.5,0.0,0.852992397137746
0.01,0.3,16,2,0.0,1.0,0.852992397137746
0.01,0.3,16,2,0.0,0.5,0.852992397137746
0.01,0.3,16,2,0.0,0.0,0.852992397137746
0.01,0.3,16,1,1.0,1.0,0.852992397137746
0.01,0.3,16,1,1.0,0.5,0.852992397137746
0.01,0.3,16,1,1.0,0.0,0.852992397137746
0.01,0.3,16,1,0.5,1.0,0.852992397137746
0.01,0.3,16,1,0.5,0.5,0.852992397137746
0.01,0.3,16,1,0.5,0.0,0.852992397137746
0.01,0.3,16,1,0.0,1.0,0.852992397137746
0.01,0.3,16,1,0.0,0.5,0.852992397137746
0.01,0.3,16,1,0.0,0.0,0.852992397137746
0.01,0.3,16,0,1.0,1.0,0.852992397137746
0.01,0.3,16,0,1.0,0.5,0.852992397137746
0.01,0.3,16,0,1.0,0.0,0.852992397137746
0.01,0.3,16,0,0.5,1.0,0.852992397137746
0.01,0.3,16,0,0.5,0.5,0.852992397137746
0.01,0.3,16,0,0.5,0.0,0.852992397137746
0.01,0.3,16,0,0.0,1.0,0.852992397137746
0.01,0.3,16,0,0.0,0.5,0.852992397137746
0.01,0.3,16,0,0.0,0.0,0.852992397137746
0.01,0.3,12,2,1.0,1.0,0.8527971079308289
0.01,0.3,12,2,1.0,0.5,0.8527971079308289
0.01,0.3,12,2,1.0,0.0,0.8527971079308289
0.01,0.3,12,2,0.5,1.0,0.8527971079308289
0.01,0.3,12,2,0.5,0.5,0.8527971079308289
0.01,0.3,12,2,0.5,0.0,0.8527971079308289
0.01,0.3,12,2,0.0,1.0,0.8527971079308289
0.01,0.3,12,2,0.0,0.5,0.8527971079308289
0.01,0.3,12,2,0.0,0.0,0.8527971079308289
0.01,0.3,12,1,1.0,1.0,0.8527971079308289
0.01,0.3,12,1,1.0,0.5,0.8527971079308289
0.01,0.3,12,1,1.0,0.0,0.8527971079308289
0.01,0.3,12,1,0.5,1.0,0.8527971079308289
0.01,0.3,12,1,0.5,0.5,0.8527971079308289
0.01,0.3,12,1,0.5,0.0,0.8527971079308289
0.01,0.3,12,1,0.0,1.0,0.8527971079308289
0.01,0.3,12,1,0.0,0.5,0.8527971079308289
0.01,0.3,12,1,0.0,0.0,0.8527971079308289
0.01,0.3,12,0,1.0,1.0,0.8527971079308289
0.01,0.3,12,0,1.0,0.5,0.8527971079308289
0.01,0.3,12,0,1.0,0.0,0.8527971079308289
0.01,0.3,12,0,0.5,1.0,0.8527971079308289
0.01,0.3,12,0,0.5,0.5,0.8527971079308289
0.01,0.3,12,0,0.5,0.0,0.8527971079308289
0.01,0.3,12,0,0.0,1.0,0.8527971079308289
0.01,0.3,12,0,0.0,0.5,0.8527971079308289
0.01,0.3,12,0,0.0,0.0,0.8527971079308289
0.01,0.3,8,2,1.0,1.0,0.8540970483005367
0.01,0.3,8,2,1.0,0.5,0.8540970483005367
0.01,0.3,8,2,1.0,0.0,0.8540970483005367
0.01,0.3,8,2,0.5,1.0,0.8540970483005367
0.01,0.3,8,2,0.5,0.5,0.8540970483005367
0.01,0.3,8,2,0.5,0.0,0.8540970483005367
0.01,0.3,8,2,0.0,1.0,0.8540970483005367
0.01,0.3,8,2,0.0,0.5,0.8540970483005367
0.01,0.3,8,2,0.0,0.0,0.8540970483005367
0.01,0.3,8,1,1.0,1.0,0.8540970483005367
0.01,0.3,8,1,1.0,0.5,0.8540970483005367
0.01,0.3,8,1,1.0,0.0,0.8540970483005367
0.01,0.3,8,1,0.5,1.0,0.8540970483005367
0.01,0.3,8,1,0.5,0.5,0.8540970483005367
0.01,0.3,8,1,0.5,0.0,0.8540970483005367
0.01,0.3,8,1,0.0,1.0,0.8540970483005367
0.01,0.3,8,1,0.0,0.5,0.8540970483005367
0.01,0.3,8,1,0.0,0.0,0.8540970483005367
0.01,0.3,8,0,1.0,1.0,0.8540970483005367
0.01,0.3,8,0,1.0,0.5,0.8540970483005367
0.01,0.3,8,0,1.0,0.0,0.8540970483005367
0.01,0.3,8,0,0.5,1.0,0.8540970483005367
0.01,0.3,8,0,0.5,0.5,0.8540970483005367
0.01,0.3,8,0,0.5,0.0,0.8540970483005367
0.01,0.3,8,0,0.0,1.0,0.8540970483005367
0.01,0.3,8,0,0.0,0.5,0.8540970483005367
0.01,0.3,8,0,0.0,0.0,0.8540970483005367
0.01,0.3,4,2,1.0,1.0,0.853383870005963
0.01,0.3,4,2,1.0,0.5,0.853383870005963
0.01,0.3,4,2,1.0,0.0,0.853383870005963
0.01,0.3,4,2,0.5,1.0,0.853383870005963
0.01,0.3,4,2,0.5,0.5,0.853383870005963
0.01,0.3,4,2,0.5,0.0,0.853383870005963
0.01,0.3,4,2,0.0,1.0,0.853383870005963
0.01,0.3,4,2,0.0,0.5,0.853383870005963
0.01,0.3,4,2,0.0,0.0,0.853383870005963
0.01,0.3,4,1,1.0,1.0,0.853383870005963
0.01,0.3,4,1,1.0,0.5,0.853383870005963
0.01,0.3,4,1,1.0,0.0,0.853383870005963
0.01,0.3,4,1,0.5,1.0,0.853383870005963
0.01,0.3,4,1,0.5,0.5,0.853383870005963
0.01,0.3,4,1,0.5,0.0,0.853383870005963
0.01,0.3,4,1,0.0,1.0,0.853383870005963
0.01,0.3,4,1,0.0,0.5,0.853383870005963
0.01,0.3,4,1,0.0,0.0,0.853383870005963
0.01,0.3,4,0,1.0,1.0,0.853383870005963
0.01,0.3,4,0,1.0,0.5,0.853383870005963
0.01,0.3,4,0,1.0,0.0,0.853383870005963
0.01,0.3,4,0,0.5,1.0,0.853383870005963
0.01,0.3,4,0,0.5,0.5,0.853383870005963
0.01,0.3,4,0,0.5,0.0,0.853383870005963
0.01,0.3,4,0,0.0,1.0,0.853383870005963
0.01,0.3,4,0,0.0,0.5,0.853383870005963
0.01,0.3,4,0,0.0,0.0,0.853383870005963
0.001,0.8,16,2,1.0,1.0,0.8509253130590341
0.001,0.8,16,2,1.0,0.5,0.8509253130590341
0.001,0.8,16,2,1.0,0.0,0.8509253130590341
0.001,0.8,16,2,0.5,1.0,0.8509253130590341
0.001,0.8,16,2,0.5,0.5,0.8509253130590341
0.001,0.8,16,2,0.5,0.0,0.8509253130590341
0.001,0.8,16,2,0.0,1.0,0.8509253130590341
0.001,0.8,16,2,0.0,0.5,0.8509253130590341
0.001,0.8,16,2,0.0,0.0,0.8509253130590341
0.001,0.8,16,1,1.0,1.0,0.8509253130590341
0.001,0.8,16,1,1.0,0.5,0.8509253130590341
0.001,0.8,16,1,1.0,0.0,0.8509253130590341
0.001,0.8,16,1,0.5,1.0,0.8509253130590341
0.001,0.8,16,1,0.5,0.5,0.8509253130590341
0.001,0.8,16,1,0.5,0.0,0.8509253130590341
0.001,0.8,16,1,0.0,1.0,0.8509253130590341
0.001,0.8,16,1,0.0,0.5,0.8509253130590341
0.001,0.8,16,1,0.0,0.0,0.8509253130590341
0.001,0.8,16,0,1.0,1.0,0.8509253130590341
0.001,0.8,16,0,1.0,0.5,0.8509253130590341
0.001,0.8,16,0,1.0,0.0,0.8509253130590341
0.001,0.8,16,0,0.5,1.0,0.8509253130590341
0.001,0.8,16,0,0.5,0.5,0.8509253130590341
0.001,0.8,16,0,0.5,0.0,0.8509253130590341
0.001,0.8,16,0,0.0,1.0,0.8509253130590341
0.001,0.8,16,0,0.0,0.5,0.8509253130590341
0.001,0.8,16,0,0.0,0.0,0.8509253130590341
0.001,0.8,12,2,1.0,1.0,0.8524054859868813
0.001,0.8,12,2,1.0,0.5,0.8524054859868813
0.001,0.8,12,2,1.0,0.0,0.8524054859868813
0.001,0.8,12,2,0.5,1.0,0.8524054859868813
0.001,0.8,12,2,0.5,0.5,0.8524054859868813
0.001,0.8,12,2,0.5,0.0,0.8524054859868813
0.001,0.8,12,2,0.0,1.0,0.8524054859868813
0.001,0.8,12,2,0.0,0.5,0.8524054859868813
0.001,0.8,12,2,0.0,0.0,0.8524054859868813
0.001,0.8,12,1,1.0,1.0,0.8524054859868813
0.001,0.8,12,1,1.0,0.5,0.8524054859868813
0.001,0.8,12,1,1.0,0.0,0.8524054859868813
0.001,0.8,12,1,0.5,1.0,0.8524054859868813
0.001,0.8,12,1,0.5,0.5,0.8524054859868813
0.001,0.8,12,1,0.5,0.0,0.8524054859868813
0.001,0.8,12,1,0.0,1.0,0.8524054859868813
0.001,0.8,12,1,0.0,0.5,0.8524054859868813
0.001,0.8,12,1,0.0,0.0,0.8524054859868813
0.001,0.8,12,0,1.0,1.0,0.8524054859868813
0.001,0.8,12,0,1.0,0.5,0.8524054859868813
0.001,0.8,12,0,1.0,0.0,0.8524054859868813
0.001,0.8,12,0,0.5,1.0,0.8524054859868813
0.001,0.8,12,0,0.5,0.5,0.8524054859868813
0.001,0.8,12,0,0.5,0.0,0.8524054859868813
0.001,0.8,12,0,0.0,1.0,0.8524054859868813
0.001,0.8,12,0,0.0,0.5,0.8524054859868813
0.001,0.8,12,0,0.0,0.0,0.8524054859868813
0.001,0.8,8,2,1.0,1.0,0.854200655933214
0.001,0.8,8,2,1.0,0.5,0.854200655933214
0.001,0.8,8,2,1.0,0.0,0.854200655933214
0.001,0.8,8,2,0.5,1.0,0.854200655933214
0.001,0.8,8,2,0.5,0.5,0.854200655933214
0.001,0.8,8,2,0.5,0.0,0.854200655933214
0.001,0.8,8,2,0.0,1.0,0.854200655933214
0.001,0.8,8,2,0.0,0.5,0.854200655933214
0.001,0.8,8,2,0.0,0.0,0.854200655933214
0.001,0.8,8,1,1.0,1.0,0.854200655933214
0.001,0.8,8,1,1.0,0.5,0.854200655933214
0.001,0.8,8,1,1.0,0.0,0.854200655933214
0.001,0.8,8,1,0.5,1.0,0.854200655933214
0.001,0.8,8,1,0.5,0.5,0.854200655933214
0.001,0.8,8,1,0.5,0.0,0.854200655933214
0.001,0.8,8,1,0.0,1.0,0.854200655933214
0.001,0.8,8,1,0.0,0.5,0.854200655933214
0.001,0.8,8,1,0.0,0.0,0.854200655933214
0.001,0.8,8,0,1.0,1.0,0.854200655933214
0.001,0.8,8,0,1.0,0.5,0.854200655933214
0.001,0.8,8,0,1.0,0.0,0.854200655933214
0.001,0.8,8,0,0.5,1.0,0.854200655933214
0.001,0.8,8,0,0.5,0.5,0.854200655933214
0.001,0.8,8,0,0.5,0.0,0.854200655933214
0.001,0.8,8,0,0.0,1.0,0.854200655933214
0.001,0.8,8,0,0.0,0.5,0.854200655933214
0.001,0.8,8,0,0.0,0.0,0.854200655933214
0.001,0.8,4,2,1.0,1.0,0.8484840488968395
0.001,0.8,4,2,1.0,0.5,0.8484840488968395
0.001,0.8,4,2,1.0,0.0,0.8484840488968395
0.001,0.8,4,2,0.5,1.0,0.8484840488968395
0.001,0.8,4,2,0.5,0.5,0.8484840488968395
0.001,0.8,4,2,0.5,0.0,0.8484840488968395
0.001,0.8,4,2,0.0,1.0,0.8484840488968395
0.001,0.8,4,2,0.0,0.5,0.8484840488968395
0.001,0.8,4,2,0.0,0.0,0.8484840488968395
0.001,0.8,4,1,1.0,1.0,0.8484840488968395
0.001,0.8,4,1,1.0,0.5,0.8484840488968395
0.001,0.8,4,1,1.0,0.0,0.8484840488968395
0.001,0.8,4,1,0.5,1.0,0.8484840488968395
0.001,0.8,4,1,0.5,0.5,0.8484840488968395
0.001,0.8,4,1,0.5,0.0,0.8484840488968395
0.001,0.8,4,1,0.0,1.0,0.8484840488968395
0.001,0.8,4,1,0.0,0.5,0.8484840488968395
0.001,0.8,4,1,0.0,0.0,0.8484840488968395
0.001,0.8,4,0,1.0,1.0,0.8484840488968395
0.001,0.8,4,0,1.0,0.5,0.8484840488968395
0.001,0.8,4,0,1.0,0.0,0.8484840488968395
0.001,0.8,4,0,0.5,1.0,0.8484840488968395
0.001,0.8,4,0,0.5,0.5,0.8484840488968395
0.001,0.8,4,0,0.5,0.0,0.8484840488968395
0.001,0.8,4,0,0.0,1.0,0.8484840488968395
0.001,0.8,4,0,0.0,0.5,0.8484840488968395
0.001,0.8,4,0,0.0,0.0,0.8484840488968395
0.001,0.5,16,2,1.0,1.0,0.8534418604651163
0.001,0.5,16,2,1.0,0.5,0.8534418604651163
0.001,0.5,16,2,1.0,0.0,0.8534418604651163
0.001,0.5,16,2,0.5,1.0,0.8534418604651163
0.001,0.5,16,2,0.5,0.5,0.8534418604651163
0.001,0.5,16,2,0.5,0.0,0.8534418604651163
0.001,0.5,16,2,0.0,1.0,0.8534418604651163
0.001,0.5,16,2,0.0,0.5,0.8534418604651163
0.001,0.5,16,2,0.0,0.0,0.8534418604651163
0.001,0.5,16,1,1.0,1.0,0.8534418604651163
0.001,0.5,16,1,1.0,0.5,0.8534418604651163
0.001,0.5,16,1,1.0,0.0,0.8534418604651163
0.001,0.5,16,1,0.5,1.0,0.8534418604651163
0.001,0.5,16,1,0.5,0.5,0.8534418604651163
0.001,0.5,16,1,0.5,0.0,0.8534418604651163
0.001,0.5,16,1,0.0,1.0,0.8534418604651163
0.001,0.5,16,1,0.0,0.5,0.8534418604651163
0.001,0.5,16,1,0.0,0.0,0.8534418604651163
0.001,0.5,16,0,1.0,1.0,0.8534418604651163
0.001,0.5,16,0,1.0,0.5,0.8534418604651163
0.001,0.5,16,0,1.0,0.0,0.8534418604651163
0.001,0.5,16,0,0.5,1.0,0.8534418604651163
0.001,0.5,16,0,0.5,0.5,0.8534418604651163
0.001,0.5,16,0,0.5,0.0,0.8534418604651163
0.001,0.5,16,0,0.0,1.0,0.8534418604651163
0.001,0.5,16,0,0.0,0.5,0.8534418604651163
0.001,0.5,16,0,0.0,0.0,0.8534418604651163
0.001,0.5,12,2,1.0,1.0,0.8538878950506857
0.001,0.5,12,2,1.0,0.5,0.8538878950506857
0.001,0.5,12,2,1.0,0.0,0.8538878950506857
0.001,0.5,12,2,0.5,1.0,0.8538878950506857
0.001,0.5,12,2,0.5,0.5,0.8538878950506857
0.001,0.5,12,2,0.5,0.0,0.8538878950506857
0.001,0.5,12,2,0.0,1.0,0.8538878950506857
0.001,0.5,12,2,0.0,0.5,0.8538878950506857
0.001,0.5,12,2,0.0,0.0,0.8538878950506857
0.001,0.5,12,1,1.0,1.0,0.8538878950506857
0.001,0.5,12,1,1.0,0.5,0.8538878950506857
0.001,0.5,12,1,1.0,0.0,0.8538878950506857
0.001,0.5,12,1,0.5,1.0,0.8538878950506857
0.001,0.5,12,1,0.5,0.5,0.8538878950506857
0.001,0.5,12,1,0.5,0.0,0.8538878950506857
0.001,0.5,12,1,0.0,1.0,0.8538878950506857
0.001,0.5,12,1,0.0,0.5,0.8538878950506857
0.001,0.5,12,1,0.0,0.0,0.8538878950506857
0.001,0.5,12,0,1.0,1.0,0.8538878950506857
0.001,0.5,12,0,1.0,0.5,0.8538878950506857
0.001,0.5,12,0,1.0,0.0,0.8538878950506857
0.001,0.5,12,0,0.5,1.0,0.8538878950506857
0.001,0.5,12,0,0.5,0.5,0.8538878950506857
0.001,0.5,12,0,0.5,0.0,0.8538878950506857
0.001,0.5,12,0,0.0,1.0,0.8538878950506857
0.001,0.5,12,0,0.0,0.5,0.8538878950506857
0.001,0.5,12,0,0.0,0.0,0.8538878950506857
0.001,0.5,8,2,1.0,1.0,0.8540954084675015
0.001,0.5,8,2,1.0,0.5,0.8540954084675015
0.001,0.5,8,2,1.0,0.0,0.8540954084675015
0.001,0.5,8,2,0.5,1.0,0.8540954084675015
0.001,0.5,8,2,0.5,0.5,0.8540954084675015
0.001,0.5,8,2,0.5,0.0,0.8540954084675015
0.001,0.5,8,2,0.0,1.0,0.8540954084675015
0.001,0.5,8,2,0.0,0.5,0.8540954084675015
0.001,0.5,8,2,0.0,0.0,0.8540954084675015
0.001,0.5,8,1,1.0,1.0,0.8540954084675015
0.001,0.5,8,1,1.0,0.5,0.8540954084675015
0.001,0.5,8,1,1.0,0.0,0.8540954084675015
0.001,0.5,8,1,0.5,1.0,0.8540954084675015
0.001,0.5,8,1,0.5,0.5,0.8540954084675015
0.001,0.5,8,1,0.5,0.0,0.8540954084675015
0.001,0.5,8,1,0.0,1.0,0.8540954084675015
0.001,0.5,8,1,0.0,0.5,0.8540954084675015
0.001,0.5,8,1,0.0,0.0,0.8540954084675015
0.001,0.5,8,0,1.0,1.0,0.8540954084675015
0.001,0.5,8,0,1.0,0.5,0.8540954084675015
0.001,0.5,8,0,1.0,0.0,0.8540954084675015
0.001,0.5,8,0,0.5,1.0,0.8540954084675015
0.001,0.5,8,0,0.5,0.5,0.8540954084675015
0.001,0.5,8,0,0.5,0.0,0.8540954084675015
0.001,0.5,8,0,0.0,1.0,0.8540954084675015
0.001,0.5,8,0,0.0,0.5,0.8540954084675015
0.001,0.5,8,0,0.0,0.0,0.8540954084675015
0.001,0.5,4,2,1.0,1.0,0.8515480023852117
0.001,0.5,4,2,1.0,0.5,0.8515480023852117
0.001,0.5,4,2,1.0,0.0,0.8515480023852117
0.001,0.5,4,2,0.5,1.0,0.8515480023852117
0.001,0.5,4,2,0.5,0.5,0.8515480023852117
0.001,0.5,4,2,0.5,0.0,0.8515480023852117
0.001,0.5,4,2,0.0,1.0,0.8515480023852117
0.001,0.5,4,2,0.0,0.5,0.8515480023852117
0.001,0.5,4,2,0.0,0.0,0.8515480023852117
0.001,0.5,4,1,1.0,1.0,0.8515480023852117
0.001,0.5,4,1,1.0,0.5,0.8515480023852117
0.001,0.5,4,1,1.0,0.0,0.8515480023852117
0.001,0.5,4,1,0.5,1.0,0.8515480023852117
0.001,0.5,4,1,0.5,0.5,0.8515480023852117
0.001,0.5,4,1,0.5,0.0,0.8515480023852117
0.001,0.5,4,1,0.0,1.0,0.8515480023852117
0.001,0.5,4,1,0.0,0.5,0.8515480023852117
0.001,0.5,4,1,0.0,0.0,0.8515480023852117
0.001,0.5,4,0,1.0,1.0,0.8515480023852117
0.001,0.5,4,0,1.0,0.5,0.8515480023852117
0.001,0.5,4,0,1.0,0.0,0.8515480023852117
0.001,0.5,4,0,0.5,1.0,0.8515480023852117
0.001,0.5,4,0,0.5,0.5,0.8515480023852117
0.001,0.5,4,0,0.5,0.0,0.8515480023852117
0.001,0.5,4,0,0.0,1.0,0.8515480023852117
0.001,0.5,4,0,0.0,0.5,0.8515480023852117
0.001,0.5,4,0,0.0,0.0,0.8515480023852117
0.001,0.3,16,2,1.0,1.0,0.8525861657722122
0.001,0.3,16,2,1.0,0.5,0.8525861657722122
0.001,0.3,16,2,1.0,0.0,0.8525861657722122
0.001,0.3,16,2,0.5,1.0,0.8525861657722122
0.001,0.3,16,2,0.5,0.5,0.8525861657722122
0.001,0.3,16,2,0.5,0.0,0.8525861657722122
0.001,0.3,16,2,0.0,1.0,0.8525861657722122
0.001,0.3,16,2,0.0,0.5,0.8525861657722122
0.001,0.3,16,2,0.0,0.0,0.8525861657722122
0.001,0.3,16,1,1.0,1.0,0.8525861657722122
0.001,0.3,16,1,1.0,0.5,0.8525861657722122
0.001,0.3,16,1,1.0,0.0,0.8525861657722122
0.001,0.3,16,1,0.5,1.0,0.8525861657722122
0.001,0.3,16,1,0.5,0.5,0.8525861657722122
0.001,0.3,16,1,0.5,0.0,0.8525861657722122
0.001,0.3,16,1,0.0,1.0,0.8525861657722122
0.001,0.3,16,1,0.0,0.5,0.8525861657722122
0.001,0.3,16,1,0.0,0.0,0.8525861657722122
0.001,0.3,16,0,1.0,1.0,0.8525861657722122
0.001,0.3,16,0,1.0,0.5,0.8525861657722122
0.001,0.3,16,0,1.0,0.0,0.8525861657722122
0.001,0.3,16,0,0.5,1.0,0.8525861657722122
0.001,0.3,16,0,0.5,0.5,0.8525861657722122
0.001,0.3,16,0,0.5,0.0,0.8525861657722122
0.001,0.3,16,0,0.0,1.0,0.8525861657722122
0.001,0.3,16,0,0.0,0.5,0.8525861657722122
0.001,0.3,16,0,0.0,0.0,0.8525861657722122
0.001,0.3,12,2,1.0,1.0,0.8520709600477043
0.001,0.3,12,2,1.0,0.5,0.8520709600477043
0.001,0.3,12,2,1.0,0.0,0.8520709600477043
0.001,0.3,12,2,0.5,1.0,0.8520709600477043
0.001,0.3,12,2,0.5,0.5,0.8520709600477043
0.001,0.3,12,2,0.5,0.0,0.8520709600477043
0.001,0.3,12,2,0.0,1.0,0.8520709600477043
0.001,0.3,12,2,0.0,0.5,0.8520709600477043
0.001,0.3,12,2,0.0,0.0,0.8520709600477043
0.001,0.3,12,1,1.0,1.0,0.8520709600477043
0.001,0.3,12,1,1.0,0.5,0.8520709600477043
0.001,0.3,12,1,1.0,0.0,0.8520709600477043
0.001,0.3,12,1,0.5,1.0,0.8520709600477043
0.001,0.3,12,1,0.5,0.5,0.8520709600477043
0.001,0.3,12,1,0.5,0.0,0.8520709600477043
0.001,0.3,12,1,0.0,1.0,0.8520709600477043
0.001,0.3,12,1,0.0,0.5,0.8520709600477043
0.001,0.3,12,1,0.0,0.0,0.8520709600477043
0.001,0.3,12,0,1.0,1.0,0.8520709600477043
0.001,0.3,12,0,1.0,0.5,0.8520709600477043
0.001,0.3,12,0,1.0,0.0,0.8520709600477043
0.001,0.3,12,0,0.5,1.0,0.8520709600477043
0.001,0.3,12,0,0.5,0.5,0.8520709600477043
0.001,0.3,12,0,0.5,0.0,0.8520709600477043
0.001,0.3,12,0,0.0,1.0,0.8520709600477043
0.001,0.3,12,0,0.0,0.5,0.8520709600477043
0.001,0.3,12,0,0.0,0.0,0.8520709600477043
0.001,0.3,8,2,1.0,1.0,0.8529584078711985
0.001,0.3,8,2,1.0,0.5,0.8529584078711985
0.001,0.3,8,2,1.0,0.0,0.8529584078711985
0.001,0.3,8,2,0.5,1.0,0.8529584078711985
0.001,0.3,8,2,0.5,0.5,0.8529584078711985
0.001,0.3,8,2,0.5,0.0,0.8529584078711985
0.001,0.3,8,2,0.0,1.0,0.8529584078711985
0.001,0.3,8,2,0.0,0.5,0.8529584078711985
0.001,0.3,8,2,0.0,0.0,0.8529584078711985
0.001,0.3,8,1,1.0,1.0,0.8529584078711985
0.001,0.3,8,1,1.0,0.5,0.8529584078711985
0.001,0.3,8,1,1.0,0.0,0.8529584078711985
0.001,0.3,8,1,0.5,1.0,0.8529584078711985
0.001,0.3,8,1,0.5,0.5,0.8529584078711985
0.001,0.3,8,1,0.5,0.0,0.8529584078711985
0.001,0.3,8,1,0.0,1.0,0.8529584078711985
0.001,0.3,8,1,0.0,0.5,0.8529584078711985
0.001,0.3,8,1,0.0,0.0,0.8529584078711985
0.001,0.3,8,0,1.0,1.0,0.8529584078711985
0.001,0.3,8,0,1.0,0.5,0.8529584078711985
0.001,0.3,8,0,1.0,0.0,0.8529584078711985
0.001,0.3,8,0,0.5,1.0,0.8529584078711985
0.001,0.3,8,0,0.5,0.5,0.8529584078711985
0.001,0.3,8,0,0.5,0.0,0.8529584078711985
0.001,0.3,8,0,0.0,1.0,0.8529584078711985
0.001,0.3,8,0,0.0,0.5,0.8529584078711985
0.001,0.3,8,0,0.0,0.0,0.8529584078711985
0.001,0.3,4,2,1.0,1.0,0.8525201252236135
0.001,0.3,4,2,1.0,0.5,0.8525201252236135
0.001,0.3,4,2,1.0,0.0,0.8525201252236135
0.001,0.3,4,2,0.5,1.0,0.8525201252236135
0.001,0.3,4,2,0.5,0.5,0.8525201252236135
0.001,0.3,4,2,0.5,0.0,0.8525201252236135
0.001,0.3,4,2,0.0,1.0,0.8525201252236135
0.001,0.3,4,2,0.0,0.5,0.8525201252236135
0.001,0.3,4,2,0.0,0.0,0.8525201252236135
0.001,0.3,4,1,1.0,1.0,0.8525201252236135
0.001,0.3,4,1,1.0,0.5,0.8525201252236135
0.001,0.3,4,1,1.0,0.0,0.8525201252236135
0.001,0.3,4,1,0.5,1.0,0.8525201252236135
0.001,0.3,4,1,0.5,0.5,0.8525201252236135
0.001,0.3,4,1,0.5,0.0,0.8525201252236135
0.001,0.3,4,1,0.0,1.0,0.8525201252236135
0.001,0.3,4,1,0.0,0.5,0.8525201252236135
0.001,0.3,4,1,0.0,0.0,0.8525201252236135
0.001,0.3,4,0,1.0,1.0,0.8525201252236135
0.001,0.3,4,0,1.0,0.5,0.8525201252236135
0.001,0.3,4,0,1.0,0.0,0.8525201252236135
0.001,0.3,4,0,0.5,1.0,0.8525201252236135
0.001,0.3,4,0,0.5,0.5,0.8525201252236135
0.001,0.3,4,0,0.5,0.0,0.8525201252236135
0.001,0.3,4,0,0.0,1.0,0.8525201252236135
0.001,0.3,4,0,0.0,0.5,0.8525201252236135
0.001,0.3,4,0,0.0,0.0,0.8525201252236135
0.0,0.0,0,0,0.0,0.0,0.0
